"facility_id","common_name","address","city","zip_code","block_lot","owned_leased","dept_id_for_jurisdiction","jurisdiction","gross_sq_ft","longitude","latitude","supervisor_district","city_tenants","land_id"
"710","Fire Station #28","1814 STOCKTON ST","San Francisco","94133","0077024","Own","38","Fire Department","9,350","-122.40935150799999","37.80254787500007","3",,"338"
"702","Fire Station #2","1340 POWELL ST","San Francisco","94133","0160015","Own","38","Fire Department","16,920","-122.40987916099999","37.79703411300005","3",,"337"
"695","Fire Station #13","530 SANSOME ST","San Francisco","94111","0206017","Own","38","Fire Department","18,790","-122.40135015599998","37.79551871100006","3",,"336"
"724","Fire Station #41","1325 LEAVENWORTH ST","San Francisco","94109","0216003","Own","38","Fire Department","9,600","-122.41649515599994","37.793376858000045","3",,"334"
"685","Fire Chief's Residence","870 BUSH ST","San Francisco","94108","0274010","Own","38","Fire Department","4,500","-122.41159217899997","37.78999924100003","3",,"333"
"698","Fire Station #16","2251 GREENWICH ST","San Francisco","94123","0515031","Own","38","Fire Department","14,000","-122.43672029099997","37.798581854000076","2",,"331"
"719","Fire Station #38","2150 CALIFORNIA ST","San Francisco","94115","0638016","Own","38","Fire Department","13,400","-122.42988021399998","37.789718675000074","2",,"329"
"712","Fire Station #3","1067 POST ST","San Francisco","94109","0693018","Own","38","Fire Department","8,000","-122.41932098399997","37.786641204000034","3",,"328"
"729","Fire Station #5 - Division 2 Headquarters","1301 TURK ST","San Francisco","94115","0756001","Own","38","Fire Department","12,600","-122.43073467999994","37.78051537400006","5",,"641"
"446","Central Communications Center (Fire)","1003 TURK ST","San Francisco","94110","0759001","Own","38","Fire Department",,"-122.42574133","37.781053618000044","5",,"174"
"717","Fire Station #36","109 OAK ST","San Francisco","94102","0837025","Own","38","Fire Department","16,100","-122.42121127999997","37.77493240600006","5",,"327"
"692","Fire Station #10","655 PRESIDIO AVE","San Francisco","94115","1032001","Own","38","Fire Department","14,300","-122.44672328899998","37.78562525800004","2",,"3"
"704","Fire Station #21","1443 GROVE ST","San Francisco","94117","1200016","Own","38","Fire Department","8,000","-122.44027176799995","37.775409721000074","5",,"326"
"1207","Old Fire Station 21","1152 OAK ST","San Francisco","94117","1215010","Own","38","Fire Department","5,600","-122.43836622399999","37.77330114000006","5",,"325"
"716","Fire Station #34","499 41ST AVE","San Francisco","94121","1494001","Own","38","Fire Department","4,400","-122.50261909499994","37.779438629000026","1",,"324"
"696","Fire Station #14","551 26TH AVE","San Francisco","94121","1518009","Own","38","Fire Department","15,900","-122.48606162099998","37.77899264900003","1",,"323"
"713","Fire Station #31","441 12TH AVE","San Francisco","94118","1532007","Own","38","Fire Department","8,500","-122.47091141499999","37.77984010500006","1",,"320"
"705","Fire Station #22","1290 16TH AVE","San Francisco","94122","1735064","Own","38","Fire Department","5,900","-122.47368711699994","37.76393036800005","7",,"322"
"706","Fire Station #23","1348 45TH AVE","San Francisco","94122","1799029","Own","38","Fire Department","12,000","-122.50471003499996","37.76140573300006","4",,"319"
"700","Fire Station #18","1935 32ND AVE","San Francisco","94116","2102006","Own","38","Fire Department","15,900","-122.49054390699996","37.75098636300004","4",,"321"
"723","Fire Station #40","2155 18TH AVE","San Francisco","94116","2199003","Own","38","Fire Department","7,350","-122.47526939799997","37.74761093800004","7",,"318"
"694","Fire Station #12","1145 STANYAN ST","San Francisco","94117","2630047","Own","38","Fire Department","11,300","-122.45258644499995","37.76344992600008","8",,"316"
"3269","Palo Alto/Marview Comm Facility","PALO ALTO AVE & MARVIEW WAY","San Francisco","94114","2719C023","Own","38","Fire Department",,"-122.44977236299997","37.756661638000026","7",,"52"
"707","Fire Station #24","100 HOFFMAN AVE","San Francisco","94114","2801001","Own","38","Fire Department","7,600","-122.44110498099997","37.75312934900006","8",,"340"
"703","Fire Station #20","285 OLYMPIA WAY","San Francisco","94131","2842009","Own","38","Fire Department","10,300","-122.45607669299994","37.75117124500008","7",,"582"
"720","Fire Station #39","1091 PORTOLA DR","San Francisco","94127","2982029","Own","38","Fire Department","8,450","-122.45863496599998","37.740039839000076","7",,"342"
"697","Fire Station #15","1000 OCEAN AVE","San Francisco","94112","3180001","Own","38","Fire Department","12,138","-122.45292662899999","37.723488631000066","7",,"588"
"730","Fire Station #6","135 SANCHEZ ST","San Francisco","94114","3542025","Own","38","Fire Department","13,500","-122.43087415499997","37.76707870700005","8",,"313"
"689","Fire Division of Training - Folsom St","2310 FOLSOM ST","San Francisco","94110","3594059","Own","38","Fire Department",,"-122.41501087499995","37.76001239100003","9",,"314"
"731","Fire Station #7 - Division 3 Headquarters","2300 FOLSOM ST","San Francisco","94110","3594059","Own","38","Fire Department","16,488","-122.41504181999994","37.76025539700004","9",,"314"
"732","Fire Station #7/DOT-2 Bngl/Class/Office","2300 FOLSOM ST","San Francisco","94110","3594059","Own","38","Fire Department","8,712","-122.41534850699998","37.759832069000026","9",,"314"
"691","Fire Station #1","935 FOLSOM ST","San Francisco","94105","3753313","Own","38","Fire Department",,"-122.40412015999999","37.77945652500006","6",,"951"
"733","Fire Station #8","36 BLUXOME ST","San Francisco","94107","3786039","Own","38","Fire Department","8,000","-122.39671009299997","37.77730564400008","6",,"312"
"690","Fire Headquarters","698 2ND ST","San Francisco","94107","3788006","Own","38","Fire Department",,"-122.39104791599999","37.78054990900006","6",,"311"
"711","Fire Station #29","299 VERMONT ST","San Francisco","94103","3935002","Own","38","Fire Department","8,300","-122.40429579299996","37.766156471000045","6",,"343"
"718","Fire Station #37","798 WISCONSIN ST","San Francisco","94107","4097024","Own","38","Fire Department","6,950","-122.399243851","37.75741778200006","10",,"344"
"275","Bureau of Equipment Headquarters","2501 25TH ST","San Francisco","94110","4279001","Own","38","Fire Department","7,000","-122.40357271999994","37.75173930900007","10",,"345"
"708","Fire Station #25","3305 3RD ST","San Francisco","94124","4502A002","Own","38","Fire Department","11,420","-122.38685250599997","37.74663929800005","10",,"781"
"699","Fire Station #17","1295 SHAFTER AVE","San Francisco","94124","4792018","Own","38","Fire Department","12,100","-122.38506673499995","37.72752662100004","10",,"310"
"1640","Bureau of Equipment","1415 EVANS AVE","San Francisco","94124","5236017","Own","38","Fire Department",,"-122.38557613399996","37.740878174000045","10",,"494"
"150","Station 49, Ambulance Deployment Facility","2241 JERROLD AVE","San Francisco","94124","5286A021","Own","38","Fire Department","6,400","-122.40203859799999","37.744323681000026","10",,"1,236"
"734","Fire Station #9","2245 JERROLD AVE","San Francisco","94124","5286A022","Own","38","Fire Department","15,000","-122.40123558199997","37.745262342000046","10",,"309"
"714","Fire Station #32","194 PARK ST","San Francisco","94110","5720059","Own","38","Fire Department","10,900","-122.42116606999997","37.736322751000046","9",,"346"
"725","Fire Station #42","2430 SAN BRUNO AVE","San Francisco","94134","5924004","Own","38","Fire Department","9,300","-122.40542499599997","37.73158521200003","9",,"347"
"727","Fire Station #44","1298 GIRARD ST","San Francisco","94134","6194010","Own","38","Fire Department","8,450","-122.40043363899997","37.71662053600005","10",,"348"
"726","Fire Station #43","720 MOSCOW ST","San Francisco","94112","6338024","Own","38","Fire Department","10,800","-122.43167870699995","37.71634867300003","11",,"308"
"693","Fire Station #11","3880 26TH ST","San Francisco","94131","6551043","Own","38","Fire Department","14,000","-122.426485507","37.748782317000064","8",,"307"
"715","Fire Station #33","8 CAPITOL AVE","San Francisco","94112","7147046","Own","38","Fire Department","5,900","-122.45858070099996","37.71085947800003","11",,"349"
"701","Fire Station #19","390 BUCKINGHAM WAY","San Francisco","94132","7296002","Own","38","Fire Department","11,500","-122.47890289799994","37.727811615000064","7",,"306"
"709","Fire Station #26","80 DIGBY ST","San Francisco","94131","7540013","Own","38","Fire Department","15,000","-122.43339969399995","37.740283058000045","8",,"305"
"1208","Fire Station #4","449 MISSION ROCK ST","San Francisco","94158","8719007","Own","38","Fire Department",,"-122.38913875099996","37.77272154900004","6",,"755"
"1624","Southern District Station","1251 3RD ST","San Francisco","94158","8719007","Own","38","Fire Department",,"-122.38905167999997","37.77245002500007","6",,"755"
"139","Bureau of Fire Investigation","1275 3RD ST","San Francisco","94158","8719007","Own","38","Fire Department","60,000","-122.38937555599995","37.77227140300005","6",,"756"
"738","Fire Station #35 - Fireboat Headquarters","PIER 22 1/2","San Francisco","94105","9900022H","Own","38","Fire Department","2,500","-122.38844006899996","37.79022102600004","6",,"369"
"728","Fire Station #48","800 AVENUE I","San Francisco","94130",,"Own","38","Fire Department","18,000","-122.36921098199997","37.82666830100004","6",,
"688","Fire Division of Training  - Treasure Island","600 AVENUE M","San Francisco","94130",,"Own","38","Fire Department","5,040","-122.36705181999997","37.82705932600004","6",,"1,106"
"453","Central Station","766 VALLEJO ST","San Francisco","94133","0130043","Own","45","Police Department","8,000","-122.40986290899997","37.79864531900006","3",,"163"
"1750","Tenderloin Station","301 EDDY ST","San Francisco","94102","0338023","Own","45","Police Department","27,500","-122.41290673999998","37.78364564800006","5",,"548"
"1310","Police Koban","POWELL ST & MARKET ST","San Francisco","94103","0341013","Own","45","Police Department",,"-122.40847723899998","37.783995556000036","3",,"159"
"1182","Next Door Shelter","1001 POLK ST","San Francisco","94109","0694004","Own","45","Police Department","37,125","-122.42004904499998","37.786116452000044","3",,"374"
"1190","Northern Station","1125 FILLMORE ST","San Francisco","94115","0755013","Own","45","Police Department","18,000","-122.43239043499995","37.780161141000065","5",,"193"
"1229","Park Patrol Station","811 STANYAN ST","San Francisco","94117","1263011","Own","45","Police Department",,"-122.45518990999994","37.76775134600007","5",,"56"
"814","Golden Gate Stables","950 36TH AVE","San Francisco","94121","1263011","Own","45","Police Department","11,800","-122.49441410799994","37.76923997800003","4",,"56"
"1407","Richmond Station","461 6TH AVE","San Francisco","94118","1538007","Own","45","Police Department","13,000","-122.46446072899994","37.780001292000065","1",,"812"
"1231","Park Station","1899 WALLER ST","San Francisco","94117","1700001","Own","45","Police Department","13,700","-122.45522601299996","37.76782399000007","5",,"803"
"1740","Taraval Station","2345 24TH AVE","San Francisco","94116","2353002","Own","45","Police Department","18,070","-122.48146076699999","37.743733794000036","4",,"177"
"1826","Vista Francisco Pump","39 CRESTLINE DR","San Francisco","94112","2844008","Own","45","Police Department",,"-122.44675473499996","37.75032176600007","8",,"668"
"897","Ingleside Police Station","1 SERGEANT JOHN V YOUNG ST","San Francisco","94112","3179011","Own","45","Police Department","18,500","-122.44625104499994","37.72477013400004","11",,"661"
"1130","Mission Station","630 VALENCIA ST","San Francisco","94110","3577001","Own","45","Police Department","25,000","-122.42196966499995","37.76268070300006","9",,"556"
"3291","Fifth St Homeless Center","695 BRYANT ST","San Francisco","94107","3777047","Own","45","Police Department",,"-122.39980379299999","37.77772102100005","6",,"373"
"3161","Old Potrero Police Station","2300 3RD ST","San Francisco","94110","4108037","Own","45","Police Department",,"-122.38879341199998","37.760163824000074","10",,"799"
"190","Hunters Point Shipyard Building 606","606 MANSEAU ST","San Francisco","94124","4591A085","Own","45","Police Department","90,000","-122.36743644499995","37.720502415000055","10",,"1,269"
"173","Bayview Station","201 WILLIAMS AVE","San Francisco","94124","5423A010","Own","45","Police Department","16,000","-122.39808655499996","37.72964171800004","10",,"567"
"1551","SFPD Pistol Range","700 JOHN MUIR DR","San Francisco","94132","7283004","Own","45","Police Department","10,000","-122.49967781599997","37.720277327000076","7",,"809"
"1308","Police Academy","350 AMBER DR","San Francisco","94124","7521005","Own","45","Police Department","19,332","-122.44148284899995","37.74419599200007","8",,"175"
"1309","Public Safety Building","1245 3RD ST","San Francisco","94158","8719007","Own","45","Police Department","185,855","-122.38918310799994","37.772553913000024","6",,"755"
"3494","1828 Egbert Storage Facility","1828 EGBERT AVE","San Francisco","94124",,"Own","45","Police Department",,"-122.40042402399996","37.727506928000025","10",,
